{"counters/current_frames":4000,"train/ghas/loss_objective":-0.015542879700660706,"eval/ghas/reward/episode_reward_max":0,"train/orchestrator/kl_approx":-0.0005009141168557107,"eval/reward/episode_len_mean":200,"eval/reward/episode_reward_min":0,"eval/transporter/reward/episode_reward_max":0,"train/transporter/clip_fraction":0.05168749764561653,"train/transporter/ESS":0.9907371401786804,"train/ghas/loss_critic":0.05966959148645401,"train/ghas/loss_entropy":-0.010870649479329586,"eval/orchestrator/reward/episode_reward_max":0,"train/transporter/entropy":3.6661605834960938,"collection/ghas/reward/episode_reward_min":0,"eval/reward/episode_reward_max":0,"collection/reward/reward_max":0,"train/ghas/clip_fraction":0,"train/orchestrator/loss_critic":0.00029676593840122223,"train/orchestrator/grad_norm_loss_critic":0.015458161011338234,"train/orchestrator/grad_norm_loss_objective":0.0026147975586354733,"collection/reward/reward_min":-0.002465340541675687,"train/transporter/explained_variance":0.9273028373718262,"train/orchestrator/clip_fraction":0,"train/ghas/grad_norm_loss_objective":0.015969591215252876,"eval/transporter/reward/episode_reward_mean":0,"timers/training_time":0.7729156017303467,"collection/reward/reward_mean":-0.00020402978407219052,"collection/orchestrator/reward/episode_reward_max":0,"train/orchestrator/loss_objective":-0.013712868094444275,"eval/ghas/reward/episode_reward_mean":0,"collection/transporter/reward/episode_reward_min":-10.049677848815918,"counters/total_frames":84000,"collection/orchestrator/reward/episode_reward_min":-0.0993538349866867,"train/ghas/entropy":1.0870648622512817,"train/orchestrator/loss_entropy":-0.037081994116306305,"train/ghas/kl_approx":0.0006752182962372899,"collection/orchestrator/reward/episode_reward_mean":-0.04080595821142197,"_step":20,"train/transporter/kl_approx":0.004630419425666332,"_runtime":252,"train/orchestrator/entropy":3.7081992626190186,"train/ghas/ESS":0.9989917874336243,"_wandb":{"runtime":252},"train/transporter/loss_critic":0.35641422867774963,"train/orchestrator/ESS":0.999856173992157,"timers/iteration_time":13.56118392944336,"train/ghas/grad_norm_loss_critic":0.3918234705924988,"collection/ghas/reward/episode_reward_max":2.4460136890411377,"collection/reward/episode_reward_max":0.6136027574539185,"eval/orchestrator/reward/episode_reward_min":0,"collection/ghas/reward/episode_reward_mean":1.3653112649917603,"train/transporter/grad_norm_loss_objective":0.24167485535144806,"eval/orchestrator/reward/episode_reward_mean":0,"collection/transporter/reward/episode_reward_mean":-4.645402908325195,"eval/transporter/reward/episode_reward_min":0,"timers/evaluation_time":9.38039517402649,"train/transporter/loss_objective":0.05643054470419884,"_timestamp":1.7791807640750036e+09,"collection/reward/episode_reward_mean":-1.1069658994674683,"train/transporter/loss_entropy":-0.036661602556705475,"eval/reward/episode_reward_mean":0,"train/transporter/grad_norm_loss_critic":1.0984699726104736,"train/ghas/explained_variance":0.8828231692314148,"train/orchestrator/explained_variance":0.9621395468711853,"timers/total_time":244.74476432800293,"counters/iter":20,"eval/ghas/reward/episode_reward_min":0,"timers/collection_time":12.786908864974976,"collection/transporter/reward/episode_reward_max":-0.0020942874252796173,"collection/reward/episode_reward_min":-2.9566686153411865}