{"train/ghas/loss_objective":-0.19433438777923584,"collection/ghas/reward/episode_reward_max":5.706810474395752,"_step":1,"eval/transporter/reward/episode_reward_max":0,"collection/orchestrator/reward/episode_reward_min":-57.73488235473633,"train/ghas/loss_critic":0.16837738454341888,"train/orchestrator/clip_fraction":0.22285157442092896,"timers/total_time":358.3469913005829,"timers/training_time":2.3034398555755615,"train/ghas/kl_approx":0.005902126897126436,"_wandb":{"runtime":449},"eval/ghas/reward/episode_reward_max":0,"train/transporter/loss_critic":1.2797049283981323,"collection/reward/episode_reward_mean":-2.4910266399383545,"collection/orchestrator/reward/episode_reward_max":0,"train/transporter/grad_norm_loss_critic":0.7980870008468628,"train/transporter/entropy":3.8684329986572266,"train/transporter/clip_fraction":0.12999218702316284,"collection/transporter/reward/episode_reward_mean":-9.082053184509277,"train/transporter/grad_norm_loss_objective":0.15979166328907013,"train/orchestrator/loss_objective":0.03372332453727722,"collection/orchestrator/reward/episode_reward_mean":-0.5341224670410156,"train/ghas/explained_variance":0.27999693155288696,"train/orchestrator/loss_critic":0.33137989044189453,"counters/total_frames":64000,"train/orchestrator/grad_norm_loss_objective":0.028361888602375984,"eval/ghas/reward/episode_reward_min":0,"eval/reward/episode_reward_max":0,"train/ghas/entropy":1.0793111324310303,"timers/evaluation_time":9.767806053161621,"eval/transporter/reward/episode_reward_min":0,"train/orchestrator/ESS":0.9793356657028198,"train/orchestrator/loss_entropy":-0.03688981011509895,"train/ghas/ESS":0.9889057278633118,"train/orchestrator/explained_variance":0.01748191937804222,"train/transporter/explained_variance":0.27634841203689575,"eval/ghas/reward/episode_reward_mean":0,"collection/ghas/reward/episode_reward_min":-26.881282806396484,"train/ghas/clip_fraction":0.028583984822034836,"collection/reward/reward_min":-3.0362648963928223,"collection/reward/reward_max":0,"eval/orchestrator/reward/episode_reward_min":0,"train/ghas/grad_norm_loss_critic":0.1329248547554016,"eval/transporter/reward/episode_reward_mean":0,"train/transporter/kl_approx":0.01338120549917221,"collection/transporter/reward/episode_reward_min":-55.048583984375,"counters/current_frames":32000,"eval/orchestrator/reward/episode_reward_mean":0,"train/transporter/loss_objective":0.7432852387428284,"train/orchestrator/kl_approx":0.010832307860255241,"timers/collection_time":171.9721875190735,"collection/reward/reward_mean":-0.00267061241902411,"eval/reward/episode_len_mean":200,"eval/reward/episode_reward_mean":0,"train/transporter/ESS":0.9787529706954956,"train/ghas/grad_norm_loss_objective":0.017790019512176514,"eval/reward/episode_reward_min":0,"_runtime":449,"train/orchestrator/entropy":3.688981056213379,"eval/orchestrator/reward/episode_reward_max":0,"collection/ghas/reward/episode_reward_mean":2.143095016479492,"timers/iteration_time":174.27724885940552,"collection/reward/episode_reward_max":1.3488538265228271,"train/ghas/loss_entropy":-0.0107931112870574,"train/orchestrator/grad_norm_loss_critic":0.05448412895202637,"collection/transporter/reward/episode_reward_max":0,"_timestamp":1.77918335297307e+09,"collection/reward/episode_reward_min":-46.55491638183594,"train/transporter/loss_entropy":-0.03868432715535164,"counters/iter":1}