{
    "schiphol": {
        "scenario_mo": {
            "mappo": {
                "seed_42": {
                    "absolute_metrics": {
                        "transporter_return": [
                            -15799.5751953125
                        ],
                        "ghas_return": [
                            0.0
                        ],
                        "orchestrator_return": [
                            0.0
                        ],
                        "return": [
                            -5266.525390625
                        ]
                    },
                    "step_1": {
                        "step_count": 34560,
                        "transporter_return": [
                            -16574.9765625,
                            -16372.7001953125,
                            -16906.75,
                            -16797.42578125,
                            -15799.5751953125,
                            -16743.75,
                            -17236.92578125,
                            -16300.900390625,
                            -16786.400390625,
                            -17132.4765625
                        ],
                        "ghas_return": [
                            0.0,
                            0.0,
                            0.0,
                            0.0,
                            0.0,
                            0.0,
                            0.0,
                            0.0,
                            0.0,
                            0.0
                        ],
                        "orchestrator_return": [
                            0.0,
                            0.0,
                            0.0,
                            0.0,
                            0.0,
                            0.0,
                            0.0,
                            0.0,
                            0.0,
                            0.0
                        ],
                        "return": [
                            -5524.9921875,
                            -5457.56689453125,
                            -5635.58349609375,
                            -5599.14208984375,
                            -5266.525390625,
                            -5581.25,
                            -5745.64208984375,
                            -5433.6337890625,
                            -5595.466796875,
                            -5710.82568359375
                        ]
                    }
                }
            }
        }
    }
}