{"train/ghas/grad_norm_loss_objective":0.09353937208652496,"train/orchestrator/ESS":0.9972805976867676,"train/ghas/loss_entropy":-0.010921268723905087,"train/ghas/kl_approx":0.005159520544111729,"train/transporter/kl_approx":0.004288112744688988,"collection/orchestrator/reward/episode_reward_min":-1672.926513671875,"train/orchestrator/entropy":3.6751041412353516,"collection/orchestrator/reward/episode_reward_max":-928.2215576171875,"train/orchestrator/clip_fraction":0.00332031212747097,"timers/evaluation_time":70.01937651634216,"train/ghas/entropy":1.0921269655227661,"collection/reward/reward_mean":-0.8652524948120117,"train/transporter/grad_norm_loss_objective":11.3615140914917,"counters/total_frames":138240,"counters/iter":3,"train/ghas/clip_fraction":0.014755135402083397,"eval/transporter/reward/episode_reward_min":-17236.92578125,"_runtime":1437,"collection/ghas/reward/episode_reward_min":-760.4926147460938,"collection/reward/reward_max":0,"_wandb":{"runtime":1437},"train/ghas/grad_norm_loss_critic":22.49395751953125,"counters/current_frames":34560,"_timestamp":1.779209343841593e+09,"train/ghas/loss_critic":15.351964950561523,"train/transporter/loss_entropy":-0.03869769722223282,"train/orchestrator/loss_entropy":-0.03675103932619095,"train/transporter/ESS":0.9946283102035522,"train/ghas/ESS":0.9904816150665283,"eval/transporter/reward/episode_reward_mean":-16665.1875,"collection/reward/episode_reward_min":-6222.33740234375,"train/transporter/entropy":3.869769811630249,"collection/ghas/reward/episode_reward_max":-400.17498779296875,"eval/ghas/reward/episode_reward_max":0,"eval/orchestrator/reward/episode_reward_mean":0,"train/orchestrator/loss_critic":107.30842590332031,"timers/collection_time":290.92918634414673,"timers/training_time":1.8220322132110596,"_step":3,"train/transporter/loss_critic":24565.552734375,"timers/iteration_time":362.7818777561188,"eval/ghas/reward/episode_reward_min":0,"collection/ghas/reward/episode_reward_mean":-554.8779296875,"collection/transporter/reward/episode_reward_max":-14299.736328125,"train/transporter/loss_objective":182.14791870117188,"collection/transporter/reward/episode_reward_min":-17016.37890625,"train/ghas/loss_objective":5.2910966873168945,"collection/reward/episode_reward_max":-5480.2412109375,"eval/reward/episode_reward_max":-5266.525390625,"train/transporter/clip_fraction":0.02326388843357563,"train/orchestrator/grad_norm_loss_critic":92.24720764160156,"train/ghas/explained_variance":-0.03677305206656456,"collection/reward/reward_min":-4.735070705413818,"eval/transporter/reward/episode_reward_max":-15799.5751953125,"eval/reward/episode_reward_min":-5745.64208984375,"train/orchestrator/kl_approx":0.00247303768992424,"eval/orchestrator/reward/episode_reward_max":0,"collection/reward/episode_reward_mean":-5852.2216796875,"timers/total_time":1437.3688983917236,"eval/orchestrator/reward/episode_reward_min":0,"train/orchestrator/grad_norm_loss_objective":0.4045611023902893,"train/transporter/grad_norm_loss_critic":1945.15380859375,"train/transporter/explained_variance":0.0018705017864704132,"collection/transporter/reward/episode_reward_mean":-15755.8232421875,"eval/ghas/reward/episode_reward_mean":0,"collection/orchestrator/reward/episode_reward_mean":-1245.96435546875,"train/orchestrator/explained_variance":0.002824995666742325,"eval/reward/episode_len_mean":1440,"train/orchestrator/loss_objective":13.85668659210205,"eval/reward/episode_reward_mean":-5555.06298828125}