{"train/ghas/loss_critic":22.773252487182617,"train/orchestrator/entropy":3.7099671363830566,"train/ghas/explained_variance":-0.011648350395262241,"_timestamp":1.7792036962008638e+09,"train/orchestrator/loss_critic":130.19027709960938,"eval/transporter/reward/episode_reward_min":-17236.92578125,"eval/transporter/reward/episode_reward_mean":-16665.1875,"_runtime":362,"collection/ghas/reward/episode_reward_max":-411.9909362792969,"train/ghas/grad_norm_loss_objective":0.3961183428764343,"collection/ghas/reward/episode_reward_min":-790.813720703125,"collection/ghas/reward/episode_reward_mean":-568.265380859375,"eval/ghas/reward/episode_reward_max":0,"eval/ghas/reward/episode_reward_mean":0,"collection/reward/reward_min":-4.427475929260254,"train/transporter/kl_approx":0.009034311398863792,"train/transporter/ESS":0.9897528886795044,"train/orchestrator/ESS":0.9972062110900879,"collection/transporter/reward/episode_reward_min":-17262.89453125,"eval/orchestrator/reward/episode_reward_min":0,"train/ghas/entropy":1.095954418182373,"timers/collection_time":289.2153961658478,"train/orchestrator/grad_norm_loss_objective":0.3626864552497864,"collection/reward/episode_reward_max":-5544.21630859375,"collection/reward/reward_mean":-0.8859949111938477,"train/ghas/loss_entropy":-0.010959543287754059,"train/transporter/loss_objective":186.96893310546875,"eval/reward/episode_reward_min":-5745.64208984375,"timers/training_time":1.9928092956542969,"train/ghas/clip_fraction":0.022896772250533104,"train/orchestrator/loss_objective":14.842994689941406,"train/transporter/entropy":3.921286106109619,"train/transporter/grad_norm_loss_objective":9.684950828552246,"_step":0,"train/transporter/loss_critic":25660.40625,"train/orchestrator/loss_entropy":-0.03709967061877251,"collection/orchestrator/reward/episode_reward_min":-1715.45068359375,"collection/reward/episode_reward_mean":-5985.2919921875,"collection/orchestrator/reward/episode_reward_max":-957.6196899414062,"train/transporter/explained_variance":0.00116778165102005,"timers/iteration_time":362.3884561061859,"train/orchestrator/explained_variance":0.00015829876065254211,"collection/reward/reward_max":0,"collection/transporter/reward/episode_reward_max":-14946.5166015625,"collection/orchestrator/reward/episode_reward_mean":-1275.833251953125,"eval/reward/episode_len_mean":1440,"eval/orchestrator/reward/episode_reward_mean":0,"collection/transporter/reward/episode_reward_mean":-16111.7763671875,"eval/ghas/reward/episode_reward_min":0,"_wandb":{"runtime":362},"counters/current_frames":34560,"eval/reward/episode_reward_mean":-5555.06298828125,"train/ghas/loss_objective":6.62449312210083,"counters/iter":0,"train/orchestrator/kl_approx":0.003282985184341669,"eval/reward/episode_reward_max":-5266.525390625,"eval/transporter/reward/episode_reward_max":-15799.5751953125,"train/ghas/grad_norm_loss_critic":9.678037643432617,"timers/evaluation_time":71.1504578590393,"train/orchestrator/grad_norm_loss_critic":27.656431198120117,"train/ghas/kl_approx":0.0036611086688935757,"train/ghas/ESS":0.9933069944381714,"collection/reward/episode_reward_min":-6371.61669921875,"train/transporter/clip_fraction":0.05253906175494194,"counters/total_frames":34560,"train/transporter/grad_norm_loss_critic":690.872314453125,"train/orchestrator/clip_fraction":0.003551793983206153,"train/transporter/loss_entropy":-0.03921286016702652,"timers/total_time":362.3884561061859,"eval/orchestrator/reward/episode_reward_max":0}