{"eval/transporter/reward/episode_reward_mean":0,"eval/reward/episode_len_mean":1440,"counters/total_frames":8640,"counters/iter":0,"collection/ghas/reward/episode_reward_max":-457.7745666503906,"collection/reward/episode_reward_min":-1201.4334716796875,"train/ghas/grad_norm_loss_critic":9.733884811401367,"train/orchestrator/loss_critic":127.94889831542969,"train/ghas/entropy":1.0849809646606445,"train/transporter/entropy":3.9179720878601074,"train/transporter/loss_objective":11.966256141662598,"_timestamp":1.779200681019943e+09,"train/transporter/ESS":0.9849882125854492,"_step":0,"eval/ghas/reward/episode_reward_mean":0,"timers/iteration_time":142.98643803596497,"train/orchestrator/entropy":3.7076783180236816,"collection/reward/reward_mean":-0.8819200396537781,"collection/reward/reward_min":-1.9409029483795166,"train/transporter/grad_norm_loss_critic":39.748592376708984,"_wandb":{"runtime":143},"train/ghas/loss_objective":6.655836582183838,"counters/current_frames":8640,"collection/orchestrator/reward/episode_reward_min":-1629.5902099609375,"collection/ghas/reward/episode_reward_mean":-571.7357177734375,"train/transporter/loss_entropy":-0.0391797199845314,"train/transporter/loss_critic":77.066650390625,"eval/ghas/reward/episode_reward_max":0,"timers/total_time":142.98643803596497,"eval/reward/episode_reward_min":0,"train/transporter/clip_fraction":0.0882667750120163,"collection/transporter/reward/episode_reward_min":-1189.0933837890625,"timers/evaluation_time":69.73655915260315,"train/ghas/grad_norm_loss_objective":0.3305598199367523,"train/transporter/explained_variance":0.02127496525645256,"train/orchestrator/explained_variance":-0.0002220533788204193,"eval/reward/episode_reward_mean":0,"collection/reward/episode_reward_max":-829.6911010742188,"train/orchestrator/clip_fraction":0.026179108768701553,"collection/orchestrator/reward/episode_reward_mean":-1269.965576171875,"train/ghas/clip_fraction":0.27549007534980774,"timers/collection_time":72.38437175750732,"timers/training_time":0.833775520324707,"eval/orchestrator/reward/episode_reward_max":0,"train/transporter/kl_approx":0.02195991389453411,"train/orchestrator/grad_norm_loss_objective":0.3130827248096466,"eval/orchestrator/reward/episode_reward_mean":0,"train/ghas/kl_approx":0.01774948462843895,"train/ghas/loss_entropy":-0.010849811136722565,"_runtime":143,"train/transporter/grad_norm_loss_objective":0.6931913495063782,"collection/ghas/reward/episode_reward_min":-785.6165771484375,"train/orchestrator/kl_approx":0.009510599076747894,"eval/reward/episode_reward_max":0,"eval/orchestrator/reward/episode_reward_min":0,"eval/transporter/reward/episode_reward_min":0,"train/orchestrator/ESS":0.9928308725357056,"collection/reward/reward_max":0,"collection/transporter/reward/episode_reward_mean":-1041.94873046875,"collection/orchestrator/reward/episode_reward_max":-1074.69189453125,"train/orchestrator/loss_entropy":-0.03707678243517876,"collection/transporter/reward/episode_reward_max":-950.0353393554688,"train/ghas/explained_variance":-0.012738065794110298,"train/ghas/loss_critic":23.102310180664062,"eval/ghas/reward/episode_reward_min":0,"collection/reward/episode_reward_mean":-961.2167358398438,"train/ghas/ESS":0.9658712148666382,"eval/transporter/reward/episode_reward_max":0,"train/orchestrator/grad_norm_loss_critic":27.440887451171875,"train/orchestrator/loss_objective":14.707749366760254}