{"timers/collection_time":29.676800966262817,"collection/ghas/reward/episode_reward_mean":0.6437287330627441,"eval/reward/episode_reward_mean":0,"train/orchestrator/loss_objective":0.00039761667721904814,"train/transporter/loss_entropy":-0.03452012687921524,"train/ghas/ESS":0.994091808795929,"train/ghas/loss_objective":0.012361344881355762,"timers/iteration_time":31.90126872062683,"_runtime":1065,"collection/transporter/reward/episode_reward_max":0,"train/ghas/grad_norm_loss_critic":0.3702436089515686,"collection/reward/reward_mean":-0.00013841969484928995,"train/ghas/kl_approx":0.0031648334115743637,"train/ghas/clip_fraction":0.026640627533197403,"_wandb":{"runtime":1065},"eval/ghas/reward/episode_reward_min":0,"eval/reward/episode_reward_min":0,"collection/orchestrator/reward/episode_reward_max":0,"_step":49,"counters/total_frames":200000,"train/transporter/entropy":3.452012538909912,"collection/ghas/reward/episode_reward_max":2.3600566387176514,"collection/reward/episode_reward_mean":-0.38259902596473694,"collection/reward/reward_max":0,"eval/transporter/reward/episode_reward_mean":0,"counters/current_frames":4000,"train/orchestrator/grad_norm_loss_critic":0.0019654524512588978,"train/transporter/kl_approx":0.006663305219262838,"collection/transporter/reward/episode_reward_min":-5.027533054351807,"collection/reward/reward_min":-0.0037888612132519484,"train/orchestrator/entropy":3.7129530906677246,"train/orchestrator/grad_norm_loss_objective":0.00042915568337775767,"train/ghas/loss_entropy":-0.010807911865413189,"train/transporter/clip_fraction":0.10743749141693115,"collection/reward/episode_reward_max":0.7092419266700745,"eval/orchestrator/reward/episode_reward_max":0,"collection/orchestrator/reward/episode_reward_min":-0.15488724410533905,"timers/evaluation_time":13.139548540115356,"train/transporter/ESS":0.9854263067245483,"_timestamp":1.779178882911134e+09,"train/orchestrator/clip_fraction":0,"train/transporter/explained_variance":0.9506063461303711,"collection/ghas/reward/episode_reward_min":0,"eval/orchestrator/reward/episode_reward_min":0,"train/orchestrator/explained_variance":0.9744044542312622,"train/transporter/grad_norm_loss_objective":0.1669212281703949,"collection/orchestrator/reward/episode_reward_mean":-0.027683934196829796,"counters/iter":49,"train/orchestrator/loss_critic":1.5936499039526097e-05,"train/ghas/entropy":1.0807911157608032,"train/transporter/loss_critic":0.13962571322917938,"train/orchestrator/ESS":0.9992703199386597,"timers/training_time":2.2193050384521484,"train/ghas/explained_variance":0.8264119029045105,"train/orchestrator/loss_entropy":-0.03712952882051468,"eval/ghas/reward/episode_reward_max":0,"eval/transporter/reward/episode_reward_max":0,"train/ghas/grad_norm_loss_objective":0.012879574671387672,"eval/reward/episode_len_mean":200,"train/transporter/grad_norm_loss_critic":0.7510057687759399,"eval/transporter/reward/episode_reward_min":0,"train/transporter/loss_objective":-0.09295151382684708,"collection/transporter/reward/episode_reward_mean":-1.7638418674468994,"eval/ghas/reward/episode_reward_mean":0,"eval/reward/episode_reward_max":0,"timers/total_time":1064.9550609588623,"collection/reward/episode_reward_min":-1.4772969484329224,"eval/orchestrator/reward/episode_reward_mean":0,"train/orchestrator/kl_approx":-8.555098611395806e-05,"train/ghas/loss_critic":0.03954096511006355}