{"collection/ghas/reward/episode_reward_min":-789.4091796875,"eval/ghas/reward/episode_reward_mean":0,"_wandb":{"runtime":1445},"train/transporter/ESS":0.9948190450668335,"train/transporter/kl_approx":0.0043897926807403564,"timers/total_time":1445.4506754875183,"eval/transporter/reward/episode_reward_mean":-1666.518798828125,"collection/orchestrator/reward/episode_reward_mean":-1198.908935546875,"_timestamp":1.7792117975508971e+09,"collection/orchestrator/reward/episode_reward_min":-1714.3280029296875,"train/ghas/grad_norm_loss_objective":0.067619688808918,"train/orchestrator/entropy":3.676110029220581,"train/orchestrator/loss_objective":13.304794311523438,"_runtime":1445,"train/ghas/ESS":0.9961501955986023,"eval/ghas/reward/episode_reward_min":0,"train/transporter/entropy":3.882930040359497,"collection/reward/episode_reward_max":-1187.183349609375,"train/transporter/grad_norm_loss_objective":1.5822718143463135,"counters/current_frames":34560,"train/transporter/loss_critic":514.3856811523438,"_step":3,"train/orchestrator/kl_approx":0.002516751177608967,"timers/iteration_time":363.10007190704346,"train/transporter/grad_norm_loss_critic":294.12164306640625,"eval/reward/episode_reward_min":-574.5641479492188,"train/orchestrator/ESS":0.9972532391548157,"collection/ghas/reward/episode_reward_mean":-527.0054321289062,"train/transporter/loss_objective":28.17396354675293,"timers/evaluation_time":70.16678762435913,"eval/transporter/reward/episode_reward_min":-1723.6923828125,"collection/transporter/reward/episode_reward_min":-2798.482177734375,"collection/transporter/reward/episode_reward_mean":-2527.065185546875,"collection/transporter/reward/episode_reward_max":-2302.241455078125,"train/ghas/entropy":1.088953971862793,"collection/reward/reward_max":0,"train/ghas/loss_critic":13.674604415893555,"train/orchestrator/grad_norm_loss_critic":88.61689758300781,"eval/reward/episode_len_mean":1440,"counters/total_frames":138240,"timers/training_time":1.8384594917297363,"collection/reward/episode_reward_min":-1767.406494140625,"train/orchestrator/clip_fraction":0.00544704869389534,"train/ghas/kl_approx":0.0020431927405297756,"train/orchestrator/loss_critic":98.7607192993164,"train/orchestrator/explained_variance":0.0073756203055381775,"train/transporter/explained_variance":0.013611823320388794,"collection/reward/reward_min":-2.67047381401062,"eval/reward/episode_reward_max":-526.6525268554688,"train/orchestrator/loss_entropy":-0.036761097609996796,"train/ghas/clip_fraction":0,"train/ghas/loss_objective":4.966427326202393,"eval/orchestrator/reward/episode_reward_min":0,"eval/reward/episode_reward_mean":-555.5062866210938,"eval/orchestrator/reward/episode_reward_mean":0,"collection/reward/reward_mean":-0.8325755596160889,"eval/orchestrator/reward/episode_reward_max":0,"collection/ghas/reward/episode_reward_max":-324.72998046875,"train/transporter/loss_entropy":-0.038829296827316284,"train/transporter/clip_fraction":0.02078992873430252,"train/ghas/explained_variance":-0.03959077596664429,"train/orchestrator/grad_norm_loss_objective":0.38895750045776367,"eval/transporter/reward/episode_reward_max":-1579.95751953125,"timers/collection_time":291.0837278366089,"eval/ghas/reward/episode_reward_max":0,"counters/iter":3,"train/ghas/loss_entropy":-0.010889539495110512,"train/ghas/grad_norm_loss_critic":20.835588455200195,"collection/reward/episode_reward_mean":-1417.659912109375,"collection/orchestrator/reward/episode_reward_max":-802.1522827148438}