{"timers/evaluation_time":10.026494264602661,"train/transporter/entropy":3.8531975746154785,"collection/reward/episode_reward_min":-5.661891460418701,"train/ghas/clip_fraction":0.015281249769032001,"eval/transporter/reward/episode_reward_mean":0,"timers/training_time":0.7194757461547852,"train/transporter/grad_norm_loss_critic":1.0678951740264893,"train/orchestrator/kl_approx":0.0009942494798451662,"train/orchestrator/clip_fraction":0,"eval/ghas/reward/episode_reward_max":0,"train/transporter/clip_fraction":0.11337500065565109,"train/orchestrator/ESS":0.9989100694656372,"train/orchestrator/loss_entropy":-0.03713032603263855,"eval/ghas/reward/episode_reward_mean":0,"collection/transporter/reward/episode_reward_max":-2.5,"eval/transporter/reward/episode_reward_max":0,"train/ghas/loss_objective":-0.16973280906677246,"timers/iteration_time":22.14681386947632,"eval/reward/episode_reward_max":0,"timers/total_time":121.03538203239441,"_step":4,"train/ghas/loss_critic":0.05341077595949173,"train/orchestrator/grad_norm_loss_objective":0.00045173868420533836,"collection/orchestrator/reward/episode_reward_mean":-0.05179663375020027,"collection/reward/episode_reward_max":-0.36124730110168457,"collection/ghas/reward/episode_reward_min":0,"eval/orchestrator/reward/episode_reward_min":0,"collection/reward/reward_max":0,"train/transporter/loss_entropy":-0.03853197023272514,"collection/reward/episode_reward_mean":-2.3338093757629395,"train/orchestrator/loss_critic":1.0999509868270252e-05,"collection/orchestrator/reward/episode_reward_max":0,"_wandb":{"runtime":135},"_timestamp":1.779182264109853e+09,"eval/reward/episode_reward_min":0,"train/transporter/kl_approx":0.011195180006325245,"train/transporter/ESS":0.9842241406440735,"counters/current_frames":4000,"eval/orchestrator/reward/episode_reward_max":0,"train/ghas/entropy":1.064467191696167,"train/ghas/ESS":0.9913320541381836,"train/orchestrator/explained_variance":0.9567052721977234,"collection/transporter/reward/episode_reward_min":-20.015426635742188,"collection/orchestrator/reward/episode_reward_min":-0.11708103120326996,"collection/reward/reward_mean":-0.00025898320018313825,"eval/transporter/reward/episode_reward_min":0,"timers/collection_time":21.42563557624817,"train/ghas/grad_norm_loss_critic":0.3125436007976532,"train/ghas/explained_variance":0.7812888622283936,"collection/reward/reward_min":-0.0036342137027531862,"train/ghas/kl_approx":0.004327901639044285,"eval/ghas/reward/episode_reward_min":0,"train/ghas/grad_norm_loss_objective":0.02730645053088665,"_runtime":135,"train/transporter/explained_variance":0.6353613138198853,"counters/iter":4,"collection/ghas/reward/episode_reward_mean":1.826266884803772,"train/transporter/loss_critic":0.7805221676826477,"train/ghas/loss_entropy":-0.010644671507179737,"collection/transporter/reward/episode_reward_mean":-8.775898933410645,"train/orchestrator/grad_norm_loss_critic":0.0009528109221719205,"train/transporter/grad_norm_loss_objective":0.2854275405406952,"eval/reward/episode_len_mean":200,"train/transporter/loss_objective":0.561509907245636,"train/orchestrator/loss_objective":9.365381265524775e-05,"counters/total_frames":20000,"eval/orchestrator/reward/episode_reward_mean":0,"collection/ghas/reward/episode_reward_max":3.0606119632720947,"train/orchestrator/entropy":3.7130324840545654,"eval/reward/episode_reward_mean":0}