{
    "schiphol": {
        "scenario_mo": {
            "mappo": {
                "seed_42": {
                    "absolute_metrics": {
                        "transporter_return": [
                            -1579.95751953125
                        ],
                        "ghas_return": [
                            0.0
                        ],
                        "orchestrator_return": [
                            0.0
                        ],
                        "return": [
                            -526.6525268554688
                        ]
                    },
                    "step_1": {
                        "step_count": 34560,
                        "transporter_return": [
                            -1657.49755859375,
                            -1637.27001953125,
                            -1690.675048828125,
                            -1679.7425537109375,
                            -1579.95751953125,
                            -1674.375,
                            -1723.6923828125,
                            -1630.090087890625,
                            -1678.6400146484375,
                            -1713.24755859375
                        ],
                        "ghas_return": [
                            0.0,
                            0.0,
                            0.0,
                            0.0,
                            0.0,
                            0.0,
                            0.0,
                            0.0,
                            0.0,
                            0.0
                        ],
                        "orchestrator_return": [
                            0.0,
                            0.0,
                            0.0,
                            0.0,
                            0.0,
                            0.0,
                            0.0,
                            0.0,
                            0.0,
                            0.0
                        ],
                        "return": [
                            -552.4992065429688,
                            -545.7567138671875,
                            -563.558349609375,
                            -559.9141845703125,
                            -526.6525268554688,
                            -558.125,
                            -574.5641479492188,
                            -543.3634033203125,
                            -559.5466918945312,
                            -571.08251953125
                        ]
                    },
                    "step_2": {
                        "step_count": 69120,
                        "transporter_return": [
                            -1657.49755859375,
                            -1637.27001953125,
                            -1690.675048828125,
                            -1679.7425537109375,
                            -1579.95751953125,
                            -1674.375,
                            -1723.6923828125,
                            -1630.090087890625,
                            -1678.6400146484375,
                            -1713.24755859375
                        ],
                        "ghas_return": [
                            0.0,
                            0.0,
                            0.0,
                            0.0,
                            0.0,
                            0.0,
                            0.0,
                            0.0,
                            0.0,
                            0.0
                        ],
                        "orchestrator_return": [
                            0.0,
                            0.0,
                            0.0,
                            0.0,
                            0.0,
                            0.0,
                            0.0,
                            0.0,
                            0.0,
                            0.0
                        ],
                        "return": [
                            -552.4992065429688,
                            -545.7567138671875,
                            -563.558349609375,
                            -559.9141845703125,
                            -526.6525268554688,
                            -558.125,
                            -574.5641479492188,
                            -543.3634033203125,
                            -559.5466918945312,
                            -571.08251953125
                        ]
                    },
                    "step_3": {
                        "step_count": 103680,
                        "transporter_return": [
                            -1657.49755859375,
                            -1637.27001953125,
                            -1690.675048828125,
                            -1679.7425537109375,
                            -1579.95751953125,
                            -1674.375,
                            -1723.6923828125,
                            -1630.090087890625,
                            -1678.6400146484375,
                            -1713.24755859375
                        ],
                        "ghas_return": [
                            0.0,
                            0.0,
                            0.0,
                            0.0,
                            0.0,
                            0.0,
                            0.0,
                            0.0,
                            0.0,
                            0.0
                        ],
                        "orchestrator_return": [
                            0.0,
                            0.0,
                            0.0,
                            0.0,
                            0.0,
                            0.0,
                            0.0,
                            0.0,
                            0.0,
                            0.0
                        ],
                        "return": [
                            -552.4992065429688,
                            -545.7567138671875,
                            -563.558349609375,
                            -559.9141845703125,
                            -526.6525268554688,
                            -558.125,
                            -574.5641479492188,
                            -543.3634033203125,
                            -559.5466918945312,
                            -571.08251953125
                        ]
                    },
                    "step_4": {
                        "step_count": 138240,
                        "transporter_return": [
                            -1657.49755859375,
                            -1637.27001953125,
                            -1690.675048828125,
                            -1679.7425537109375,
                            -1579.95751953125,
                            -1674.375,
                            -1723.6923828125,
                            -1630.090087890625,
                            -1678.6400146484375,
                            -1713.24755859375
                        ],
                        "ghas_return": [
                            0.0,
                            0.0,
                            0.0,
                            0.0,
                            0.0,
                            0.0,
                            0.0,
                            0.0,
                            0.0,
                            0.0
                        ],
                        "orchestrator_return": [
                            0.0,
                            0.0,
                            0.0,
                            0.0,
                            0.0,
                            0.0,
                            0.0,
                            0.0,
                            0.0,
                            0.0
                        ],